{"cameraMatrix": [[1297.3354586664464, 0.0, 1004.1199868180377], [0.0, 1296.7721818476243, 530.5104398052451], [0.0, 0.0, 1.0]], "newCameraMatrix": [[957.74462890625, 0.0, 962.4300217725104], [0.0, 940.7388305664062, 545.5661535151921], [0.0, 0.0, 1.0]], "roi": [29, 106, 1860, 886], "dist": [[-0.6167238055657341, 0.43340978198709845, 0.007242314291100676, -0.010489254457702109, -0.07701869329302104]]}