{"cameraMatrix": [[435.9365134900868, 0.0, 997.2474960262713], [0.0, 1172.49835961867, 549.7357088053393], [0.0, 0.0, 1.0]], "newCameraMatrix": [[391.1282043457031, 0.0, 1108.1487095010525], [0.0, 971.7415771484375, 543.2193686986211], [0.0, 0.0, 1.0]], "roi": [44, 99, 1873, 876], "dist": [[0.006146032662905054, -0.002210196402975693, -0.0006056894232375865, 0.007121441834622438, -8.08824279369081e-05]]}